Metric;Value
P_otk;0.0354158
T_vs;0.739899
T_ozh;0.407074
T_obsl;0.332825
K_isp_1;0.90031
